image_name,predict_score,mos
./Datasets/HRIQ/512x384/1.jpg,0.49945080280303955,0.2
./Datasets/HRIQ/512x384/2.jpg,0.500305712223053,0.12
./Datasets/HRIQ/512x384/3.jpg,0.5337352752685547,0.43000000000000005
./Datasets/HRIQ/512x384/4.jpg,0.7154197096824646,0.8333333332499999
./Datasets/HRIQ/512x384/5.jpg,0.6459211111068726,0.68
./Datasets/HRIQ/512x384/6.jpg,0.6525358557701111,0.7916666667500001
./Datasets/HRIQ/512x384/7.jpg,0.69844651222229,0.47
./Datasets/HRIQ/512x384/8.jpg,0.7254714965820312,0.79
./Datasets/HRIQ/512x384/9.jpg,0.049274079501628876,0.010000000000000009
./Datasets/HRIQ/512x384/10.jpg,0.5155947804450989,0.49
./Datasets/HRIQ/512x384/11.jpg,0.6336445808410645,0.19
./Datasets/HRIQ/512x384/12.jpg,0.6459052562713623,0.7708333332499999
./Datasets/HRIQ/512x384/13.jpg,0.679940938949585,0.69
./Datasets/HRIQ/512x384/14.jpg,0.6222471594810486,0.31000000000000005
./Datasets/HRIQ/512x384/15.jpg,0.5854029059410095,0.69791666675
./Datasets/HRIQ/512x384/16.jpg,0.5587632656097412,0.09999999999999998
./Datasets/HRIQ/512x384/17.jpg,0.6587997674942017,0.45999999999999996
./Datasets/HRIQ/512x384/18.jpg,0.6611561179161072,0.68
./Datasets/HRIQ/512x384/19.jpg,0.6410676836967468,0.55
./Datasets/HRIQ/512x384/20.jpg,0.6807389259338379,0.8020833332499999
./Datasets/HRIQ/512x384/21.jpg,0.6377267837524414,0.8899999999999999
./Datasets/HRIQ/512x384/22.jpg,0.6218677759170532,0.64583333325
./Datasets/HRIQ/512x384/23.jpg,0.676432192325592,0.67
./Datasets/HRIQ/512x384/24.jpg,0.6340033411979675,0.49
./Datasets/HRIQ/512x384/25.jpg,0.6697924733161926,0.8400000000000001
./Datasets/HRIQ/512x384/26.jpg,0.6831192374229431,0.78
./Datasets/HRIQ/512x384/27.jpg,0.6813670992851257,0.75
./Datasets/HRIQ/512x384/28.jpg,0.6721680164337158,0.59
./Datasets/HRIQ/512x384/29.jpg,0.6820011734962463,0.72916666675
./Datasets/HRIQ/512x384/30.jpg,0.684769332408905,0.69
./Datasets/HRIQ/512x384/31.jpg,0.6104099750518799,0.63541666675
./Datasets/HRIQ/512x384/32.jpg,0.6405028104782104,0.52
./Datasets/HRIQ/512x384/33.jpg,0.675564706325531,0.53
./Datasets/HRIQ/512x384/34.jpg,0.5866609215736389,0.62
./Datasets/HRIQ/512x384/35.jpg,0.49270522594451904,0.43000000000000005
./Datasets/HRIQ/512x384/36.jpg,0.6767086982727051,0.8
./Datasets/HRIQ/512x384/37.jpg,0.7048870325088501,0.8300000000000001
./Datasets/HRIQ/512x384/38.jpg,0.6654019355773926,0.8200000000000001
./Datasets/HRIQ/512x384/39.jpg,0.6084097623825073,0.64
./Datasets/HRIQ/512x384/40.jpg,0.6298163533210754,0.67
./Datasets/HRIQ/512x384/41.jpg,0.644000232219696,0.7
./Datasets/HRIQ/512x384/42.jpg,0.6284545660018921,0.54
./Datasets/HRIQ/512x384/43.jpg,0.6057030558586121,0.39
./Datasets/HRIQ/512x384/44.jpg,0.5238971710205078,0.29000000000000004
./Datasets/HRIQ/512x384/45.jpg,0.6577781438827515,0.71875
./Datasets/HRIQ/512x384/46.jpg,0.5216097831726074,0.5
./Datasets/HRIQ/512x384/47.jpg,0.6734539270401001,0.64
./Datasets/HRIQ/512x384/48.jpg,0.4237902760505676,0.07
./Datasets/HRIQ/512x384/49.jpg,0.6797250509262085,0.54
./Datasets/HRIQ/512x384/50.jpg,0.7115680575370789,0.70833333325
./Datasets/HRIQ/512x384/51.jpg,0.47155308723449707,0.31999999999999995
./Datasets/HRIQ/512x384/52.jpg,0.6399220824241638,0.71
./Datasets/HRIQ/512x384/53.jpg,0.695966362953186,0.8958333332499999
./Datasets/HRIQ/512x384/54.jpg,0.633409321308136,0.42000000000000004
./Datasets/HRIQ/512x384/55.jpg,0.3809676766395569,0.375
./Datasets/HRIQ/512x384/56.jpg,0.6243972182273865,0.35
./Datasets/HRIQ/512x384/57.jpg,0.6388429403305054,0.44999999999999996
./Datasets/HRIQ/512x384/58.jpg,0.5780306458473206,0.625
./Datasets/HRIQ/512x384/59.jpg,0.6921204328536987,0.71
./Datasets/HRIQ/512x384/60.jpg,0.6687105298042297,0.5
./Datasets/HRIQ/512x384/61.jpg,0.6476069092750549,0.69791666675
./Datasets/HRIQ/512x384/62.jpg,0.5427638292312622,0.62
./Datasets/HRIQ/512x384/63.jpg,0.5499393939971924,0.53
./Datasets/HRIQ/512x384/64.jpg,0.7336264848709106,0.63
./Datasets/HRIQ/512x384/65.jpg,0.6487612128257751,0.64583333325
./Datasets/HRIQ/512x384/66.jpg,0.5949349403381348,0.25
./Datasets/HRIQ/512x384/67.jpg,0.6302868723869324,0.53
./Datasets/HRIQ/512x384/68.jpg,0.7132972478866577,0.8500000000000001
./Datasets/HRIQ/512x384/69.jpg,0.4093928933143616,0.21875
./Datasets/HRIQ/512x384/70.jpg,0.5388352870941162,0.31999999999999995
./Datasets/HRIQ/512x384/71.jpg,0.1586301326751709,0.04999999999999999
./Datasets/HRIQ/512x384/72.jpg,0.643272340297699,0.73
./Datasets/HRIQ/512x384/73.jpg,0.697263777256012,0.8700000000000001
./Datasets/HRIQ/512x384/74.jpg,0.4956279397010803,0.21000000000000002
./Datasets/HRIQ/512x384/75.jpg,0.4726918041706085,0.18
./Datasets/HRIQ/512x384/76.jpg,0.5511748790740967,0.49
./Datasets/HRIQ/512x384/77.jpg,0.661744236946106,0.8600000000000001
./Datasets/HRIQ/512x384/78.jpg,0.5540914535522461,0.43999999999999995
./Datasets/HRIQ/512x384/79.jpg,0.7417222857475281,0.76
./Datasets/HRIQ/512x384/80.jpg,0.6204842925071716,0.35416666674999997
./Datasets/HRIQ/512x384/81.jpg,0.7184002995491028,0.9099999999999999
./Datasets/HRIQ/512x384/82.jpg,0.7234342098236084,0.8799999999999999
./Datasets/HRIQ/512x384/83.jpg,0.6373423337936401,0.62
./Datasets/HRIQ/512x384/84.jpg,0.6804841756820679,0.6
./Datasets/HRIQ/512x384/85.jpg,0.4853869676589966,0.40625
./Datasets/HRIQ/512x384/86.jpg,0.5986695289611816,0.5
./Datasets/HRIQ/512x384/87.jpg,0.443204790353775,0.07
./Datasets/HRIQ/512x384/88.jpg,0.6072553992271423,0.52
./Datasets/HRIQ/512x384/89.jpg,0.7147684097290039,0.8300000000000001
./Datasets/HRIQ/512x384/90.jpg,0.6236383318901062,0.23958333324999997
./Datasets/HRIQ/512x384/91.jpg,0.41868120431900024,0.20833333324999997
./Datasets/HRIQ/512x384/92.jpg,0.35505586862564087,0.19
./Datasets/HRIQ/512x384/93.jpg,0.5438355803489685,0.39
./Datasets/HRIQ/512x384/94.jpg,0.4777660071849823,0.41000000000000003
./Datasets/HRIQ/512x384/95.jpg,0.5901103019714355,0.69
./Datasets/HRIQ/512x384/96.jpg,0.6299456357955933,0.63
./Datasets/HRIQ/512x384/97.jpg,0.6654242277145386,0.8899999999999999
./Datasets/HRIQ/512x384/98.jpg,0.5797556042671204,0.52
./Datasets/HRIQ/512x384/99.jpg,0.4369710385799408,0.16999999999999998
./Datasets/HRIQ/512x384/100.jpg,0.46583399176597595,0.10999999999999999
./Datasets/HRIQ/512x384/101.jpg,0.4481904208660126,0.28
./Datasets/HRIQ/512x384/102.jpg,0.5798603296279907,0.62
./Datasets/HRIQ/512x384/103.jpg,0.6475678086280823,0.53
./Datasets/HRIQ/512x384/104.jpg,0.12399926781654358,0.010000000000000009
./Datasets/HRIQ/512x384/105.jpg,0.546389102935791,0.24
./Datasets/HRIQ/512x384/106.jpg,0.5875124931335449,0.57
./Datasets/HRIQ/512x384/107.jpg,0.6596539616584778,0.64
./Datasets/HRIQ/512x384/108.jpg,0.4159597158432007,0.09000000000000002
./Datasets/HRIQ/512x384/109.jpg,0.6456976532936096,0.5
./Datasets/HRIQ/512x384/110.jpg,0.6932658553123474,0.8
./Datasets/HRIQ/512x384/111.jpg,0.5892654061317444,0.65
./Datasets/HRIQ/512x384/112.jpg,0.7242468595504761,0.81
./Datasets/HRIQ/512x384/113.jpg,0.5801985859870911,0.48
./Datasets/HRIQ/512x384/114.jpg,0.596113383769989,0.4
./Datasets/HRIQ/512x384/115.jpg,0.5947313904762268,0.54166666675
./Datasets/HRIQ/512x384/116.jpg,0.4198737144470215,0.29000000000000004
./Datasets/HRIQ/512x384/117.jpg,0.5323923826217651,0.5
./Datasets/HRIQ/512x384/118.jpg,0.5955016016960144,0.48
./Datasets/HRIQ/512x384/119.jpg,0.6137388348579407,0.15999999999999998
./Datasets/HRIQ/512x384/120.jpg,0.5916532874107361,0.36
./Datasets/HRIQ/512x384/121.jpg,0.3525439202785492,0.13
./Datasets/HRIQ/512x384/122.jpg,0.5061043500900269,0.55
./Datasets/HRIQ/512x384/123.jpg,0.5807643532752991,0.49
./Datasets/HRIQ/512x384/124.jpg,0.5627211928367615,0.18
./Datasets/HRIQ/512x384/125.jpg,0.6055080890655518,0.8125
./Datasets/HRIQ/512x384/126.jpg,0.5514121651649475,0.39
./Datasets/HRIQ/512x384/127.jpg,0.5997971892356873,0.33999999999999997
./Datasets/HRIQ/512x384/128.jpg,0.6378909349441528,0.72
./Datasets/HRIQ/512x384/129.jpg,0.5694947242736816,0.26
./Datasets/HRIQ/512x384/130.jpg,0.6699252128601074,0.36
./Datasets/HRIQ/512x384/131.jpg,0.5335055589675903,0.45999999999999996
./Datasets/HRIQ/512x384/132.jpg,0.17708221077919006,0.03125
./Datasets/HRIQ/512x384/133.jpg,0.6230515837669373,0.45833333325000003
./Datasets/HRIQ/512x384/134.jpg,0.3334249258041382,0.06
./Datasets/HRIQ/512x384/135.jpg,0.3278706669807434,0.10999999999999999
./Datasets/HRIQ/512x384/136.jpg,0.7015010118484497,0.8400000000000001
./Datasets/HRIQ/512x384/137.jpg,0.3980752229690552,0.13
./Datasets/HRIQ/512x384/138.jpg,0.4173876941204071,0.24
./Datasets/HRIQ/512x384/139.jpg,0.3393283486366272,0.09000000000000002
./Datasets/HRIQ/512x384/140.jpg,0.4389510452747345,0.24
./Datasets/HRIQ/512x384/141.jpg,0.5731987953186035,0.30000000000000004
./Datasets/HRIQ/512x384/142.jpg,0.24424999952316284,0.020000000000000018
./Datasets/HRIQ/512x384/143.jpg,0.421127051115036,0.03999999999999998
./Datasets/HRIQ/512x384/144.jpg,0.30656635761260986,0.08000000000000002
./Datasets/HRIQ/512x384/145.jpg,0.5167398452758789,0.15000000000000002
./Datasets/HRIQ/512x384/146.jpg,0.5610579252243042,0.35
./Datasets/HRIQ/512x384/147.jpg,0.24079006910324097,0.030000000000000027
./Datasets/HRIQ/512x384/148.jpg,0.6558705568313599,0.66
./Datasets/HRIQ/512x384/149.jpg,0.556071937084198,0.40625
./Datasets/HRIQ/512x384/150.jpg,0.6184159517288208,0.43999999999999995
./Datasets/HRIQ/512x384/151.jpg,0.637557327747345,0.32999999999999996
./Datasets/HRIQ/512x384/152.jpg,0.423072874546051,0.12
./Datasets/HRIQ/512x384/153.jpg,0.5916801691055298,0.36
./Datasets/HRIQ/512x384/154.jpg,0.2673225998878479,0.07291666675000003
./Datasets/HRIQ/512x384/155.jpg,0.6522958874702454,0.68
./Datasets/HRIQ/512x384/156.jpg,0.6634665131568909,0.66
./Datasets/HRIQ/512x384/157.jpg,0.6584069728851318,0.56
./Datasets/HRIQ/512x384/158.jpg,0.5874729752540588,0.49
./Datasets/HRIQ/512x384/159.jpg,0.3214673697948456,0.04999999999999999
./Datasets/HRIQ/512x384/160.jpg,0.3612244427204132,0.041666666750000025
./Datasets/HRIQ/512x384/161.jpg,0.3621062934398651,0.22916666675000003
./Datasets/HRIQ/512x384/162.jpg,0.6188623309135437,0.77
./Datasets/HRIQ/512x384/163.jpg,0.541577935218811,0.23958333324999997
./Datasets/HRIQ/512x384/164.jpg,0.7011016011238098,0.76
./Datasets/HRIQ/512x384/165.jpg,0.34408795833587646,0.06
./Datasets/HRIQ/512x384/166.jpg,0.6611733436584473,0.56
./Datasets/HRIQ/512x384/167.jpg,0.6264317035675049,0.35
./Datasets/HRIQ/512x384/168.jpg,0.29477861523628235,0.12
./Datasets/HRIQ/512x384/169.jpg,0.6148054599761963,0.66
./Datasets/HRIQ/512x384/170.jpg,0.6885697245597839,0.76
./Datasets/HRIQ/512x384/171.jpg,0.6572054028511047,0.71
./Datasets/HRIQ/512x384/172.jpg,0.6950390338897705,0.71
./Datasets/HRIQ/512x384/173.jpg,0.6589755415916443,0.56
./Datasets/HRIQ/512x384/174.jpg,0.4955427944660187,0.51
./Datasets/HRIQ/512x384/175.jpg,0.6089008450508118,0.48
./Datasets/HRIQ/512x384/176.jpg,0.6544011831283569,0.5
./Datasets/HRIQ/512x384/177.jpg,0.7049778699874878,0.78125
./Datasets/HRIQ/512x384/178.jpg,0.6217256784439087,0.54
./Datasets/HRIQ/512x384/179.jpg,0.5690969228744507,0.33999999999999997
./Datasets/HRIQ/512x384/180.jpg,0.520476758480072,0.17708333324999997
./Datasets/HRIQ/512x384/181.jpg,0.5000556707382202,0.15000000000000002
./Datasets/HRIQ/512x384/182.jpg,0.3602881133556366,0.09999999999999998
./Datasets/HRIQ/512x384/183.jpg,0.5191527605056763,0.53
./Datasets/HRIQ/512x384/184.jpg,0.49740204215049744,0.09999999999999998
./Datasets/HRIQ/512x384/185.jpg,0.5635456442832947,0.22916666675000003
./Datasets/HRIQ/512x384/186.jpg,0.6540146470069885,0.8300000000000001
./Datasets/HRIQ/512x384/187.jpg,0.7227230668067932,0.75
./Datasets/HRIQ/512x384/188.jpg,0.6182304620742798,0.79
./Datasets/HRIQ/512x384/189.jpg,0.5771617889404297,0.63
./Datasets/HRIQ/512x384/190.jpg,0.6691874265670776,0.4
./Datasets/HRIQ/512x384/191.jpg,0.6940072774887085,0.8500000000000001
./Datasets/HRIQ/512x384/192.jpg,0.6969141364097595,0.71
./Datasets/HRIQ/512x384/193.jpg,0.6487801671028137,0.59375
./Datasets/HRIQ/512x384/194.jpg,0.6326705813407898,0.75
./Datasets/HRIQ/512x384/195.jpg,0.6277519464492798,0.8
./Datasets/HRIQ/512x384/196.jpg,0.6480500102043152,0.77
./Datasets/HRIQ/512x384/197.jpg,0.6380754709243774,0.84375
./Datasets/HRIQ/512x384/198.jpg,0.47305166721343994,0.51
./Datasets/HRIQ/512x384/199.jpg,0.6754046082496643,0.75
./Datasets/HRIQ/512x384/200.jpg,0.4827836751937866,0.30208333325000003
./Datasets/HRIQ/512x384/201.jpg,0.5354740619659424,0.19
./Datasets/HRIQ/512x384/202.jpg,0.7275762557983398,0.38
./Datasets/HRIQ/512x384/203.jpg,0.6643298864364624,0.73958333325
./Datasets/HRIQ/512x384/204.jpg,0.55644690990448,0.14
./Datasets/HRIQ/512x384/205.jpg,0.48459360003471375,0.2
./Datasets/HRIQ/512x384/206.jpg,0.45384714007377625,0.19
./Datasets/HRIQ/512x384/207.jpg,0.46705362200737,0.09999999999999998
./Datasets/HRIQ/512x384/208.jpg,0.6629815101623535,0.7
./Datasets/HRIQ/512x384/209.jpg,0.7153029441833496,0.9199999999999999
./Datasets/HRIQ/512x384/210.jpg,0.710794985294342,0.9299999999999999
./Datasets/HRIQ/512x384/211.jpg,0.6346811652183533,0.76
./Datasets/HRIQ/512x384/212.jpg,0.6932528614997864,0.9099999999999999
./Datasets/HRIQ/512x384/213.jpg,0.7429297566413879,0.71
./Datasets/HRIQ/512x384/214.jpg,0.5882123708724976,0.35
./Datasets/HRIQ/512x384/215.jpg,0.4241752624511719,0.07
./Datasets/HRIQ/512x384/216.jpg,0.7117392420768738,0.67
./Datasets/HRIQ/512x384/217.jpg,0.7071182727813721,0.65
./Datasets/HRIQ/512x384/218.jpg,0.6670581102371216,0.71
./Datasets/HRIQ/512x384/219.jpg,0.6560722589492798,0.78
./Datasets/HRIQ/512x384/220.jpg,0.6844521760940552,0.8400000000000001
./Datasets/HRIQ/512x384/221.jpg,0.6824684739112854,0.8600000000000001
./Datasets/HRIQ/512x384/222.jpg,0.5173768997192383,0.12
./Datasets/HRIQ/512x384/223.jpg,0.6830666661262512,0.63541666675
./Datasets/HRIQ/512x384/224.jpg,0.6995407938957214,0.8400000000000001
./Datasets/HRIQ/512x384/225.jpg,0.6849552989006042,0.81
./Datasets/HRIQ/512x384/226.jpg,0.7029756903648376,0.74
./Datasets/HRIQ/512x384/227.jpg,0.6616643667221069,0.75
./Datasets/HRIQ/512x384/228.jpg,0.6225069761276245,0.78125
./Datasets/HRIQ/512x384/229.jpg,0.6224223971366882,0.7708333332499999
./Datasets/HRIQ/512x384/230.jpg,0.568899393081665,0.31999999999999995
./Datasets/HRIQ/512x384/231.jpg,0.6390922665596008,0.8333333332499999
./Datasets/HRIQ/512x384/232.jpg,0.6915411949157715,0.8799999999999999
./Datasets/HRIQ/512x384/233.jpg,0.6486386060714722,0.8
./Datasets/HRIQ/512x384/234.jpg,0.6629020571708679,0.72916666675
./Datasets/HRIQ/512x384/235.jpg,0.6306155323982239,0.77
./Datasets/HRIQ/512x384/236.jpg,0.6611445546150208,0.81
./Datasets/HRIQ/512x384/237.jpg,0.576191246509552,0.69791666675
./Datasets/HRIQ/512x384/238.jpg,0.36476370692253113,0.15000000000000002
./Datasets/HRIQ/512x384/239.jpg,0.667753279209137,0.8899999999999999
./Datasets/HRIQ/512x384/240.jpg,0.6279785633087158,0.8
./Datasets/HRIQ/512x384/241.jpg,0.6420356631278992,0.8300000000000001
./Datasets/HRIQ/512x384/242.jpg,0.645115315914154,0.8899999999999999
./Datasets/HRIQ/512x384/243.jpg,0.4147508442401886,0.09000000000000002
./Datasets/HRIQ/512x384/244.jpg,0.669922947883606,0.74
./Datasets/HRIQ/512x384/245.jpg,0.6282560229301453,0.45999999999999996
./Datasets/HRIQ/512x384/246.jpg,0.5787085890769958,0.35
./Datasets/HRIQ/512x384/247.jpg,0.5665463209152222,0.15999999999999998
./Datasets/HRIQ/512x384/248.jpg,0.4592737853527069,0.55
./Datasets/HRIQ/512x384/249.jpg,0.6788784265518188,0.71
./Datasets/HRIQ/512x384/250.jpg,0.6883044838905334,0.72
./Datasets/HRIQ/512x384/251.jpg,0.6323818564414978,0.71875
./Datasets/HRIQ/512x384/252.jpg,0.6905806660652161,0.8700000000000001
./Datasets/HRIQ/512x384/253.jpg,0.6530977487564087,0.43999999999999995
./Datasets/HRIQ/512x384/254.jpg,0.5619555115699768,0.27
./Datasets/HRIQ/512x384/255.jpg,0.20699340105056763,0.0
./Datasets/HRIQ/512x384/256.jpg,0.5669085383415222,0.30000000000000004
./Datasets/HRIQ/512x384/257.jpg,0.6608056426048279,0.67
./Datasets/HRIQ/512x384/258.jpg,0.6474600434303284,0.75
./Datasets/HRIQ/512x384/259.jpg,0.5049089789390564,0.24
./Datasets/HRIQ/512x384/260.jpg,0.4437098503112793,0.48
./Datasets/HRIQ/512x384/261.jpg,0.36273813247680664,0.29000000000000004
./Datasets/HRIQ/512x384/262.jpg,0.6438278555870056,0.68
./Datasets/HRIQ/512x384/263.jpg,0.6224005818367004,0.78
./Datasets/HRIQ/512x384/264.jpg,0.34775733947753906,0.07
./Datasets/HRIQ/512x384/265.jpg,0.6947049498558044,0.8333333332499999
./Datasets/HRIQ/512x384/266.jpg,0.6340370178222656,0.77
./Datasets/HRIQ/512x384/267.jpg,0.5523408651351929,0.45833333325000003
./Datasets/HRIQ/512x384/268.jpg,0.4854845404624939,0.21000000000000002
./Datasets/HRIQ/512x384/269.jpg,0.47374582290649414,0.21000000000000002
./Datasets/HRIQ/512x384/270.jpg,0.5721508264541626,0.61
./Datasets/HRIQ/512x384/271.jpg,0.7153520584106445,0.78
./Datasets/HRIQ/512x384/272.jpg,0.662712037563324,0.75
./Datasets/HRIQ/512x384/273.jpg,0.5872648358345032,0.75
./Datasets/HRIQ/512x384/274.jpg,0.3274163603782654,0.010000000000000009
./Datasets/HRIQ/512x384/275.jpg,0.6489246487617493,0.44999999999999996
./Datasets/HRIQ/512x384/276.jpg,0.7212748527526855,0.81
./Datasets/HRIQ/512x384/277.jpg,0.7207257747650146,0.71
./Datasets/HRIQ/512x384/278.jpg,0.6906174421310425,0.6
./Datasets/HRIQ/512x384/279.jpg,0.4204554557800293,0.030000000000000027
./Datasets/HRIQ/512x384/280.jpg,0.5418655872344971,0.41000000000000003
./Datasets/HRIQ/512x384/281.jpg,0.49681124091148376,0.32291666674999997
./Datasets/HRIQ/512x384/282.jpg,0.43324708938598633,0.16999999999999998
./Datasets/HRIQ/512x384/283.jpg,0.5832148790359497,0.67
./Datasets/HRIQ/512x384/284.jpg,0.46525824069976807,0.21000000000000002
./Datasets/HRIQ/512x384/285.jpg,0.46643438935279846,0.12
./Datasets/HRIQ/512x384/286.jpg,0.5117577910423279,0.28
./Datasets/HRIQ/512x384/287.jpg,0.33390024304389954,0.16666666675000003
./Datasets/HRIQ/512x384/288.jpg,0.7078896760940552,0.8
./Datasets/HRIQ/512x384/289.jpg,0.40137502551078796,0.12
./Datasets/HRIQ/512x384/290.jpg,0.4762561321258545,0.12
./Datasets/HRIQ/512x384/291.jpg,0.6864946484565735,0.67708333325
./Datasets/HRIQ/512x384/292.jpg,0.6142474412918091,0.55
./Datasets/HRIQ/512x384/293.jpg,0.6355878710746765,0.45999999999999996
./Datasets/HRIQ/512x384/294.jpg,0.6534850001335144,0.65
./Datasets/HRIQ/512x384/295.jpg,0.5872155427932739,0.57291666675
./Datasets/HRIQ/512x384/296.jpg,0.30511394143104553,0.020000000000000018
./Datasets/HRIQ/512x384/297.jpg,0.6436504125595093,0.66
./Datasets/HRIQ/512x384/298.jpg,0.5443472266197205,0.5
./Datasets/HRIQ/512x384/299.jpg,0.6214033365249634,0.57
./Datasets/HRIQ/512x384/300.jpg,0.5909841060638428,0.49
./Datasets/HRIQ/512x384/301.jpg,0.3960239589214325,0.09999999999999998
./Datasets/HRIQ/512x384/302.jpg,0.5521718263626099,0.37
./Datasets/HRIQ/512x384/303.jpg,0.6178171634674072,0.41000000000000003
./Datasets/HRIQ/512x384/304.jpg,0.5675620436668396,0.33999999999999997
./Datasets/HRIQ/512x384/305.jpg,0.6043975949287415,0.58333333325
./Datasets/HRIQ/512x384/306.jpg,0.6349731683731079,0.54
./Datasets/HRIQ/512x384/307.jpg,0.4206729531288147,0.14
./Datasets/HRIQ/512x384/308.jpg,0.6632120013237,0.66
./Datasets/HRIQ/512x384/309.jpg,0.5953941941261292,0.33999999999999997
./Datasets/HRIQ/512x384/310.jpg,0.6359887719154358,0.48
./Datasets/HRIQ/512x384/311.jpg,0.6041070222854614,0.51
./Datasets/HRIQ/512x384/312.jpg,0.6236335039138794,0.58
./Datasets/HRIQ/512x384/313.jpg,0.5191356539726257,0.12
./Datasets/HRIQ/512x384/314.jpg,0.6337043642997742,0.42000000000000004
./Datasets/HRIQ/512x384/315.jpg,0.6494504809379578,0.44999999999999996
./Datasets/HRIQ/512x384/316.jpg,0.526177167892456,0.43999999999999995
./Datasets/HRIQ/512x384/317.jpg,0.6575625538825989,0.35
./Datasets/HRIQ/512x384/318.jpg,0.6416934132575989,0.53
./Datasets/HRIQ/512x384/319.jpg,0.620570957660675,0.51
./Datasets/HRIQ/512x384/320.jpg,0.5942516326904297,0.27
./Datasets/HRIQ/512x384/321.jpg,0.5980539321899414,0.35
./Datasets/HRIQ/512x384/322.jpg,0.6907504200935364,0.71
./Datasets/HRIQ/512x384/323.jpg,0.5459669828414917,0.69791666675
./Datasets/HRIQ/512x384/324.jpg,0.5897014141082764,0.5625
./Datasets/HRIQ/512x384/325.jpg,0.6467821598052979,0.72
./Datasets/HRIQ/512x384/326.jpg,0.644161581993103,0.45999999999999996
./Datasets/HRIQ/512x384/327.jpg,0.5550992488861084,0.31999999999999995
./Datasets/HRIQ/512x384/328.jpg,0.656146764755249,0.69
./Datasets/HRIQ/512x384/329.jpg,0.6397616267204285,0.71
./Datasets/HRIQ/512x384/330.jpg,0.6476346254348755,0.74
./Datasets/HRIQ/512x384/331.jpg,0.6916969418525696,0.56
./Datasets/HRIQ/512x384/332.jpg,0.5906159281730652,0.43000000000000005
./Datasets/HRIQ/512x384/333.jpg,0.5809314846992493,0.27
./Datasets/HRIQ/512x384/334.jpg,0.634223997592926,0.53
./Datasets/HRIQ/512x384/335.jpg,0.6347788572311401,0.54
./Datasets/HRIQ/512x384/336.jpg,0.6475231647491455,0.61
./Datasets/HRIQ/512x384/337.jpg,0.6410253643989563,0.55
./Datasets/HRIQ/512x384/338.jpg,0.5912808775901794,0.58
./Datasets/HRIQ/512x384/339.jpg,0.6442395448684692,0.71
./Datasets/HRIQ/512x384/340.jpg,0.6200379729270935,0.72916666675
./Datasets/HRIQ/512x384/341.jpg,0.5279242992401123,0.30000000000000004
./Datasets/HRIQ/512x384/342.jpg,0.6480672955513,0.65
./Datasets/HRIQ/512x384/343.jpg,0.04128217697143555,0.0
./Datasets/HRIQ/512x384/344.jpg,0.6837751865386963,0.69
./Datasets/HRIQ/512x384/345.jpg,0.5453031659126282,0.31000000000000005
./Datasets/HRIQ/512x384/346.jpg,0.5919181704521179,0.38
./Datasets/HRIQ/512x384/347.jpg,0.6243877410888672,0.45999999999999996
./Datasets/HRIQ/512x384/348.jpg,0.5833077430725098,0.21999999999999997
./Datasets/HRIQ/512x384/349.jpg,0.6228870749473572,0.69
./Datasets/HRIQ/512x384/350.jpg,0.5859760642051697,0.26
./Datasets/HRIQ/512x384/351.jpg,0.6020826697349548,0.76
./Datasets/HRIQ/512x384/352.jpg,0.5773624181747437,0.21999999999999997
./Datasets/HRIQ/512x384/353.jpg,0.5962268710136414,0.15999999999999998
./Datasets/HRIQ/512x384/354.jpg,0.5839933753013611,0.39
./Datasets/HRIQ/512x384/355.jpg,0.5615963935852051,0.19
./Datasets/HRIQ/512x384/356.jpg,0.6390923857688904,0.52083333325
./Datasets/HRIQ/512x384/357.jpg,0.6045464277267456,0.6875
./Datasets/HRIQ/512x384/358.jpg,0.6431965231895447,0.61458333325
./Datasets/HRIQ/512x384/359.jpg,0.5050668716430664,0.47
./Datasets/HRIQ/512x384/360.jpg,0.4395171105861664,0.29000000000000004
./Datasets/HRIQ/512x384/361.jpg,0.2725318372249603,0.03125
./Datasets/HRIQ/512x384/362.jpg,0.3190644681453705,0.09999999999999998
./Datasets/HRIQ/512x384/363.jpg,0.6013621687889099,0.24
./Datasets/HRIQ/512x384/364.jpg,0.5012004971504211,0.36
./Datasets/HRIQ/512x384/365.jpg,0.6196740865707397,0.36
./Datasets/HRIQ/512x384/366.jpg,0.4212806224822998,0.43999999999999995
./Datasets/HRIQ/512x384/367.jpg,0.6015523672103882,0.7
./Datasets/HRIQ/512x384/368.jpg,0.4868570864200592,0.14
./Datasets/HRIQ/512x384/369.jpg,0.5249874591827393,0.18
./Datasets/HRIQ/512x384/370.jpg,0.6608228087425232,0.72
./Datasets/HRIQ/512x384/371.jpg,0.25524893403053284,0.010000000000000009
./Datasets/HRIQ/512x384/372.jpg,0.636786162853241,0.48
./Datasets/HRIQ/512x384/373.jpg,0.6973502039909363,0.79
./Datasets/HRIQ/512x384/374.jpg,0.6272596716880798,0.66
./Datasets/HRIQ/512x384/375.jpg,0.5196282863616943,0.49
./Datasets/HRIQ/512x384/376.jpg,0.6854633092880249,0.8500000000000001
./Datasets/HRIQ/512x384/377.jpg,0.6125751733779907,0.61
./Datasets/HRIQ/512x384/378.jpg,0.6388164758682251,0.43999999999999995
./Datasets/HRIQ/512x384/379.jpg,0.6512632369995117,0.6
./Datasets/HRIQ/512x384/380.jpg,0.5858901143074036,0.45999999999999996
./Datasets/HRIQ/512x384/381.jpg,0.6132931709289551,0.52083333325
./Datasets/HRIQ/512x384/382.jpg,0.6047619581222534,0.58
./Datasets/HRIQ/512x384/383.jpg,0.6579714417457581,0.73
./Datasets/HRIQ/512x384/384.jpg,0.6491991281509399,0.78
./Datasets/HRIQ/512x384/385.jpg,0.6993692517280579,0.71
./Datasets/HRIQ/512x384/386.jpg,0.5131412744522095,0.58
./Datasets/HRIQ/512x384/387.jpg,0.6668064594268799,0.8400000000000001
./Datasets/HRIQ/512x384/388.jpg,0.6866710186004639,0.8600000000000001
./Datasets/HRIQ/512x384/389.jpg,0.5441809296607971,0.47
./Datasets/HRIQ/512x384/390.jpg,0.6644314527511597,0.8200000000000001
./Datasets/HRIQ/512x384/391.jpg,0.49801236391067505,0.34375
./Datasets/HRIQ/512x384/392.jpg,0.6111009120941162,0.55
./Datasets/HRIQ/512x384/393.jpg,0.48055794835090637,0.41000000000000003
./Datasets/HRIQ/512x384/394.jpg,0.6045700907707214,0.65
./Datasets/HRIQ/512x384/395.jpg,0.5437233448028564,0.43999999999999995
./Datasets/HRIQ/512x384/396.jpg,0.5653853416442871,0.27
./Datasets/HRIQ/512x384/397.jpg,0.5976617932319641,0.69
./Datasets/HRIQ/512x384/398.jpg,0.6030629873275757,0.31999999999999995
./Datasets/HRIQ/512x384/399.jpg,0.34616100788116455,0.03999999999999998
./Datasets/HRIQ/512x384/400.jpg,0.38656917214393616,0.08000000000000002
./Datasets/HRIQ/512x384/401.jpg,0.6865702867507935,0.81
./Datasets/HRIQ/512x384/402.jpg,0.5873681902885437,0.42000000000000004
./Datasets/HRIQ/512x384/403.jpg,0.702806293964386,0.77
./Datasets/HRIQ/512x384/404.jpg,0.6606964468955994,0.64
./Datasets/HRIQ/512x384/405.jpg,0.7264243960380554,0.48
./Datasets/HRIQ/512x384/406.jpg,0.441017210483551,0.33999999999999997
./Datasets/HRIQ/512x384/407.jpg,0.6005409359931946,0.79
./Datasets/HRIQ/512x384/408.jpg,0.6010832190513611,0.62
./Datasets/HRIQ/512x384/409.jpg,0.511174201965332,0.375
./Datasets/HRIQ/512x384/410.jpg,0.6750664710998535,0.77
./Datasets/HRIQ/512x384/411.jpg,0.6098688244819641,0.45999999999999996
./Datasets/HRIQ/512x384/412.jpg,0.5878071188926697,0.54
./Datasets/HRIQ/512x384/413.jpg,0.21158061921596527,0.04999999999999999
./Datasets/HRIQ/512x384/414.jpg,0.6521769762039185,0.57
./Datasets/HRIQ/512x384/415.jpg,0.6790018081665039,0.73
./Datasets/HRIQ/512x384/416.jpg,0.4337739944458008,0.31999999999999995
./Datasets/HRIQ/512x384/417.jpg,0.4866284430027008,0.15999999999999998
./Datasets/HRIQ/512x384/418.jpg,0.5648717880249023,0.69
./Datasets/HRIQ/512x384/419.jpg,0.5987566113471985,0.76
./Datasets/HRIQ/512x384/420.jpg,0.6808778047561646,0.75
./Datasets/HRIQ/512x384/421.jpg,0.5006068348884583,0.64
./Datasets/HRIQ/512x384/422.jpg,0.6934204697608948,0.7
./Datasets/HRIQ/512x384/423.jpg,0.6196266412734985,0.8200000000000001
./Datasets/HRIQ/512x384/424.jpg,0.7023885250091553,0.79
./Datasets/HRIQ/512x384/425.jpg,0.6704915165901184,0.77
./Datasets/HRIQ/512x384/426.jpg,0.6130322217941284,0.66
./Datasets/HRIQ/512x384/427.jpg,0.5933774709701538,0.67
./Datasets/HRIQ/512x384/428.jpg,0.5229784846305847,0.53
./Datasets/HRIQ/512x384/429.jpg,0.6671919226646423,0.8645833332499999
./Datasets/HRIQ/512x384/430.jpg,0.5916908979415894,0.63541666675
./Datasets/HRIQ/512x384/431.jpg,0.30742916464805603,0.2
./Datasets/HRIQ/512x384/432.jpg,0.5986108183860779,0.73
./Datasets/HRIQ/512x384/433.jpg,0.6486234664916992,0.64
./Datasets/HRIQ/512x384/434.jpg,0.6577720642089844,0.73
./Datasets/HRIQ/512x384/435.jpg,0.5365923047065735,0.49
./Datasets/HRIQ/512x384/436.jpg,0.660158097743988,0.6
./Datasets/HRIQ/512x384/437.jpg,0.5354264378547668,0.21999999999999997
./Datasets/HRIQ/512x384/438.jpg,0.6301648020744324,0.66666666675
./Datasets/HRIQ/512x384/439.jpg,0.6104507446289062,0.63
./Datasets/HRIQ/512x384/440.jpg,0.657964825630188,0.8600000000000001
./Datasets/HRIQ/512x384/441.jpg,0.537021815776825,0.22999999999999998
./Datasets/HRIQ/512x384/442.jpg,0.6063511967658997,0.58
./Datasets/HRIQ/512x384/443.jpg,0.7157385945320129,0.8200000000000001
./Datasets/HRIQ/512x384/444.jpg,0.6529474854469299,0.79
./Datasets/HRIQ/512x384/445.jpg,0.5788396596908569,0.58
./Datasets/HRIQ/512x384/446.jpg,0.6366223692893982,0.62
./Datasets/HRIQ/512x384/447.jpg,0.5673621892929077,0.52083333325
./Datasets/HRIQ/512x384/448.jpg,0.5979810357093811,0.6875
./Datasets/HRIQ/512x384/449.jpg,0.5925725698471069,0.55208333325
./Datasets/HRIQ/512x384/450.jpg,0.5995029211044312,0.66
./Datasets/HRIQ/512x384/451.jpg,0.6724912524223328,0.76
./Datasets/HRIQ/512x384/452.jpg,0.6222129464149475,0.65
./Datasets/HRIQ/512x384/453.jpg,0.6889740228652954,0.76
./Datasets/HRIQ/512x384/454.jpg,0.624291718006134,0.61
./Datasets/HRIQ/512x384/455.jpg,0.49300891160964966,0.31000000000000005
./Datasets/HRIQ/512x384/456.jpg,0.5483861565589905,0.53125
./Datasets/HRIQ/512x384/457.jpg,0.5498337745666504,0.58
./Datasets/HRIQ/512x384/458.jpg,0.5955052375793457,0.39
./Datasets/HRIQ/512x384/459.jpg,0.33294010162353516,0.49
./Datasets/HRIQ/512x384/460.jpg,0.37912946939468384,0.21000000000000002
./Datasets/HRIQ/512x384/461.jpg,0.6579352021217346,0.54166666675
./Datasets/HRIQ/512x384/462.jpg,0.5764004588127136,0.69
./Datasets/HRIQ/512x384/463.jpg,0.46041426062583923,0.29000000000000004
./Datasets/HRIQ/512x384/464.jpg,0.4954150915145874,0.25
./Datasets/HRIQ/512x384/465.jpg,0.7032186388969421,0.6
./Datasets/HRIQ/512x384/466.jpg,0.712273895740509,0.71
./Datasets/HRIQ/512x384/467.jpg,0.6720535159111023,0.69791666675
./Datasets/HRIQ/512x384/468.jpg,0.534309446811676,0.43000000000000005
./Datasets/HRIQ/512x384/469.jpg,0.5700428485870361,0.6
./Datasets/HRIQ/512x384/470.jpg,0.6342631578445435,0.66
./Datasets/HRIQ/512x384/471.jpg,0.3551692068576813,0.14
./Datasets/HRIQ/512x384/472.jpg,0.5117146372795105,0.45999999999999996
./Datasets/HRIQ/512x384/473.jpg,0.6171046495437622,0.54
./Datasets/HRIQ/512x384/474.jpg,0.6884617805480957,0.78
./Datasets/HRIQ/512x384/475.jpg,0.5629376769065857,0.64
./Datasets/HRIQ/512x384/476.jpg,0.424846351146698,0.31000000000000005
./Datasets/HRIQ/512x384/477.jpg,0.649967610836029,0.57
./Datasets/HRIQ/512x384/478.jpg,0.6496473550796509,0.74
./Datasets/HRIQ/512x384/479.jpg,0.5369017124176025,0.44999999999999996
./Datasets/HRIQ/512x384/480.jpg,0.6008958220481873,0.51
./Datasets/HRIQ/512x384/481.jpg,0.7033848166465759,0.9199999999999999
./Datasets/HRIQ/512x384/482.jpg,0.6093189120292664,0.57
./Datasets/HRIQ/512x384/483.jpg,0.48545128107070923,0.6875
./Datasets/HRIQ/512x384/484.jpg,0.45703157782554626,0.48958333325000003
./Datasets/HRIQ/512x384/485.jpg,0.6457119584083557,0.58333333325
./Datasets/HRIQ/512x384/486.jpg,0.6121637225151062,0.58
./Datasets/HRIQ/512x384/487.jpg,0.6361176371574402,0.62
./Datasets/HRIQ/512x384/488.jpg,0.6769037246704102,0.74
./Datasets/HRIQ/512x384/489.jpg,0.7023478746414185,0.8958333332499999
./Datasets/HRIQ/512x384/490.jpg,0.32667794823646545,0.030000000000000027
./Datasets/HRIQ/512x384/491.jpg,0.37713202834129333,0.57
./Datasets/HRIQ/512x384/492.jpg,0.7049278020858765,0.8200000000000001
./Datasets/HRIQ/512x384/493.jpg,0.41912779211997986,0.10999999999999999
./Datasets/HRIQ/512x384/494.jpg,0.5491831302642822,0.38
./Datasets/HRIQ/512x384/495.jpg,0.6148602366447449,0.68
./Datasets/HRIQ/512x384/496.jpg,0.6109002232551575,0.8020833332499999
./Datasets/HRIQ/512x384/497.jpg,0.541267454624176,0.54
./Datasets/HRIQ/512x384/498.jpg,0.7089859247207642,0.67
./Datasets/HRIQ/512x384/499.jpg,0.5984662175178528,0.24
./Datasets/HRIQ/512x384/500.jpg,0.48895716667175293,0.41000000000000003
./Datasets/HRIQ/512x384/501.jpg,0.5594199299812317,0.42000000000000004
./Datasets/HRIQ/512x384/502.jpg,0.6584922671318054,0.58333333325
./Datasets/HRIQ/512x384/503.jpg,0.6564902663230896,0.72916666675
./Datasets/HRIQ/512x384/504.jpg,0.5859013199806213,0.57
./Datasets/HRIQ/512x384/505.jpg,0.318293035030365,0.030000000000000027
./Datasets/HRIQ/512x384/506.jpg,0.665837287902832,0.65
./Datasets/HRIQ/512x384/507.jpg,0.3235933482646942,0.08000000000000002
./Datasets/HRIQ/512x384/508.jpg,0.6587039232254028,0.78
./Datasets/HRIQ/512x384/509.jpg,0.6037809252738953,0.66
./Datasets/HRIQ/512x384/510.jpg,0.29499292373657227,0.19
./Datasets/HRIQ/512x384/511.jpg,0.660051703453064,0.8600000000000001
./Datasets/HRIQ/512x384/512.jpg,0.5422090888023376,0.54
./Datasets/HRIQ/512x384/513.jpg,0.6826181411743164,0.64
./Datasets/HRIQ/512x384/514.jpg,0.6842423677444458,0.75
./Datasets/HRIQ/512x384/515.jpg,0.6649522185325623,0.6
./Datasets/HRIQ/512x384/516.jpg,0.4093055725097656,0.4
./Datasets/HRIQ/512x384/517.jpg,0.5960584878921509,0.35
./Datasets/HRIQ/512x384/518.jpg,0.6222366690635681,0.8999999999999999
./Datasets/HRIQ/512x384/519.jpg,0.16157372295856476,0.010000000000000009
./Datasets/HRIQ/512x384/520.jpg,0.5775512456893921,0.69
./Datasets/HRIQ/512x384/521.jpg,0.6550555229187012,0.8999999999999999
./Datasets/HRIQ/512x384/522.jpg,0.62246173620224,0.63
./Datasets/HRIQ/512x384/523.jpg,0.4277018904685974,0.03999999999999998
./Datasets/HRIQ/512x384/524.jpg,0.39202016592025757,0.09999999999999998
./Datasets/HRIQ/512x384/525.jpg,0.48271533846855164,0.42000000000000004
./Datasets/HRIQ/512x384/526.jpg,0.6794187426567078,0.71
./Datasets/HRIQ/512x384/527.jpg,0.5739409327507019,0.875
./Datasets/HRIQ/512x384/528.jpg,0.6763069033622742,0.7
./Datasets/HRIQ/512x384/529.jpg,0.5429608225822449,0.15999999999999998
./Datasets/HRIQ/512x384/530.jpg,0.6181750297546387,0.8799999999999999
./Datasets/HRIQ/512x384/531.jpg,0.5688157677650452,0.52
./Datasets/HRIQ/512x384/532.jpg,0.7068327069282532,0.8200000000000001
./Datasets/HRIQ/512x384/533.jpg,0.7362205982208252,0.9479166667500001
./Datasets/HRIQ/512x384/534.jpg,0.6560897827148438,0.73958333325
./Datasets/HRIQ/512x384/535.jpg,0.70953369140625,0.81
./Datasets/HRIQ/512x384/536.jpg,0.41870778799057007,0.41666666674999997
./Datasets/HRIQ/512x384/537.jpg,0.4417833983898163,0.21875
./Datasets/HRIQ/512x384/538.jpg,0.6996662616729736,0.75
./Datasets/HRIQ/512x384/539.jpg,0.5186973214149475,0.44999999999999996
./Datasets/HRIQ/512x384/540.jpg,0.6116487979888916,0.73
./Datasets/HRIQ/512x384/541.jpg,0.6079913973808289,0.29166666674999997
./Datasets/HRIQ/512x384/542.jpg,0.6376712918281555,0.72
./Datasets/HRIQ/512x384/543.jpg,0.7037160992622375,0.77
./Datasets/HRIQ/512x384/544.jpg,0.6676086783409119,0.56
./Datasets/HRIQ/512x384/545.jpg,0.5393024682998657,0.53
./Datasets/HRIQ/512x384/546.jpg,0.6979365944862366,0.78
./Datasets/HRIQ/512x384/547.jpg,0.6117674708366394,0.66
./Datasets/HRIQ/512x384/548.jpg,0.6980000138282776,0.8500000000000001
./Datasets/HRIQ/512x384/549.jpg,0.3531087636947632,0.2
./Datasets/HRIQ/512x384/550.jpg,0.5831354260444641,0.30000000000000004
./Datasets/HRIQ/512x384/551.jpg,0.5882605314254761,0.67
./Datasets/HRIQ/512x384/552.jpg,0.6273799538612366,0.69
./Datasets/HRIQ/512x384/553.jpg,0.7015781402587891,0.8200000000000001
./Datasets/HRIQ/512x384/554.jpg,0.6757660508155823,0.79
./Datasets/HRIQ/512x384/555.jpg,0.639039933681488,0.75
./Datasets/HRIQ/512x384/556.jpg,0.6615914702415466,0.76
./Datasets/HRIQ/512x384/557.jpg,0.6122655272483826,0.74
./Datasets/HRIQ/512x384/558.jpg,0.6594448685646057,0.8999999999999999
./Datasets/HRIQ/512x384/559.jpg,0.6535138487815857,0.76
./Datasets/HRIQ/512x384/560.jpg,0.6042140126228333,0.63
./Datasets/HRIQ/512x384/561.jpg,0.6660409569740295,0.61
./Datasets/HRIQ/512x384/562.jpg,0.5920946598052979,0.41000000000000003
./Datasets/HRIQ/512x384/563.jpg,0.4985138475894928,0.29000000000000004
./Datasets/HRIQ/512x384/564.jpg,0.6546895503997803,0.43999999999999995
./Datasets/HRIQ/512x384/565.jpg,0.3972255289554596,0.09375
./Datasets/HRIQ/512x384/566.jpg,0.7163158655166626,0.8
./Datasets/HRIQ/512x384/567.jpg,0.5409200191497803,0.48
./Datasets/HRIQ/512x384/568.jpg,0.4252735674381256,0.15000000000000002
./Datasets/HRIQ/512x384/569.jpg,0.6105702519416809,0.63
./Datasets/HRIQ/512x384/570.jpg,0.5708763003349304,0.63
./Datasets/HRIQ/512x384/571.jpg,0.7293962240219116,0.9166666667500001
./Datasets/HRIQ/512x384/572.jpg,0.4534573256969452,0.45999999999999996
./Datasets/HRIQ/512x384/573.jpg,0.4356245696544647,0.16999999999999998
./Datasets/HRIQ/512x384/574.jpg,0.46152278780937195,0.55208333325
./Datasets/HRIQ/512x384/575.jpg,0.5918505787849426,0.42000000000000004
./Datasets/HRIQ/512x384/576.jpg,0.4642126262187958,0.38541666674999997
./Datasets/HRIQ/512x384/577.jpg,0.15387530624866486,0.030000000000000027
./Datasets/HRIQ/512x384/578.jpg,0.46213123202323914,0.21000000000000002
./Datasets/HRIQ/512x384/579.jpg,0.6673676371574402,0.72916666675
./Datasets/HRIQ/512x384/580.jpg,0.6360278725624084,0.59
./Datasets/HRIQ/512x384/581.jpg,0.7152547836303711,0.7916666667500001
./Datasets/HRIQ/512x384/582.jpg,0.6390703916549683,0.71
./Datasets/HRIQ/512x384/583.jpg,0.5961715579032898,0.44999999999999996
./Datasets/HRIQ/512x384/584.jpg,0.7331816554069519,0.8300000000000001
./Datasets/HRIQ/512x384/585.jpg,0.034820765256881714,0.0
./Datasets/HRIQ/512x384/586.jpg,0.4573831260204315,0.27
./Datasets/HRIQ/512x384/587.jpg,0.25699496269226074,0.020833333249999975
./Datasets/HRIQ/512x384/588.jpg,0.4423828125,0.06
./Datasets/HRIQ/512x384/589.jpg,0.5371019244194031,0.30000000000000004
./Datasets/HRIQ/512x384/590.jpg,0.4058467745780945,0.19
./Datasets/HRIQ/512x384/591.jpg,0.6014515161514282,0.375
./Datasets/HRIQ/512x384/592.jpg,0.6879549622535706,0.52
./Datasets/HRIQ/512x384/593.jpg,0.7032604813575745,0.74
./Datasets/HRIQ/512x384/594.jpg,0.6428337693214417,0.62
./Datasets/HRIQ/512x384/595.jpg,0.5381336808204651,0.37
./Datasets/HRIQ/512x384/596.jpg,0.2699024975299835,0.18
./Datasets/HRIQ/512x384/597.jpg,0.7037910223007202,0.69
./Datasets/HRIQ/512x384/598.jpg,0.38983845710754395,0.09000000000000002
./Datasets/HRIQ/512x384/599.jpg,0.6595724821090698,0.44791666674999997
./Datasets/HRIQ/512x384/600.jpg,0.5494892001152039,0.53
./Datasets/HRIQ/512x384/601.jpg,0.41097700595855713,0.11458333324999997
./Datasets/HRIQ/512x384/602.jpg,0.5170974731445312,0.52
./Datasets/HRIQ/512x384/603.jpg,0.5801971554756165,0.42000000000000004
./Datasets/HRIQ/512x384/604.jpg,0.5378209352493286,0.43999999999999995
./Datasets/HRIQ/512x384/605.jpg,0.41141703724861145,0.22999999999999998
./Datasets/HRIQ/512x384/606.jpg,0.5268535614013672,0.52
./Datasets/HRIQ/512x384/607.jpg,0.5948609113693237,0.29000000000000004
./Datasets/HRIQ/512x384/608.jpg,0.6870642304420471,0.37
./Datasets/HRIQ/512x384/609.jpg,0.7238032221794128,0.4375
./Datasets/HRIQ/512x384/610.jpg,0.6551114916801453,0.38
./Datasets/HRIQ/512x384/611.jpg,0.4222499430179596,0.24
./Datasets/HRIQ/512x384/612.jpg,0.4623001515865326,0.19
./Datasets/HRIQ/512x384/613.jpg,0.46341630816459656,0.31999999999999995
./Datasets/HRIQ/512x384/614.jpg,0.6442375183105469,0.62
./Datasets/HRIQ/512x384/615.jpg,0.5139790773391724,0.69
./Datasets/HRIQ/512x384/616.jpg,0.22978125512599945,0.09000000000000002
./Datasets/HRIQ/512x384/617.jpg,0.574512243270874,0.27
./Datasets/HRIQ/512x384/618.jpg,0.5030258893966675,0.26
./Datasets/HRIQ/512x384/619.jpg,0.5936257839202881,0.32999999999999996
./Datasets/HRIQ/512x384/620.jpg,0.33524131774902344,0.020833333249999975
./Datasets/HRIQ/512x384/621.jpg,0.5831382870674133,0.38
./Datasets/HRIQ/512x384/622.jpg,0.48857152462005615,0.2
./Datasets/HRIQ/512x384/623.jpg,0.4934547245502472,0.27
./Datasets/HRIQ/512x384/624.jpg,0.5962138175964355,0.48
./Datasets/HRIQ/512x384/625.jpg,0.4832419157028198,0.5
./Datasets/HRIQ/512x384/626.jpg,0.5801221132278442,0.55
./Datasets/HRIQ/512x384/627.jpg,0.5958700776100159,0.35
./Datasets/HRIQ/512x384/628.jpg,0.5606643557548523,0.35
./Datasets/HRIQ/512x384/629.jpg,0.5578645467758179,0.35
./Datasets/HRIQ/512x384/630.jpg,0.6036484837532043,0.30208333325000003
./Datasets/HRIQ/512x384/631.jpg,0.561469554901123,0.32999999999999996
./Datasets/HRIQ/512x384/632.jpg,0.5868585109710693,0.38
./Datasets/HRIQ/512x384/633.jpg,0.6215799450874329,0.57
./Datasets/HRIQ/512x384/634.jpg,0.49160292744636536,0.4
./Datasets/HRIQ/512x384/635.jpg,0.5789663195610046,0.76
./Datasets/HRIQ/512x384/636.jpg,0.5862546563148499,0.63
./Datasets/HRIQ/512x384/637.jpg,0.6139968633651733,0.36458333325000003
./Datasets/HRIQ/512x384/638.jpg,0.6667914986610413,0.28
./Datasets/HRIQ/512x384/639.jpg,0.6997812390327454,0.59
./Datasets/HRIQ/512x384/640.jpg,0.6719783544540405,0.67
./Datasets/HRIQ/512x384/641.jpg,0.6398063898086548,0.74
./Datasets/HRIQ/512x384/642.jpg,0.7171645760536194,0.78
./Datasets/HRIQ/512x384/643.jpg,0.5359315276145935,0.46875
./Datasets/HRIQ/512x384/644.jpg,0.6118361353874207,0.57291666675
./Datasets/HRIQ/512x384/645.jpg,0.6537687182426453,0.8700000000000001
./Datasets/HRIQ/512x384/646.jpg,0.43832364678382874,0.25
./Datasets/HRIQ/512x384/647.jpg,0.6593440771102905,0.72
./Datasets/HRIQ/512x384/648.jpg,0.6440867781639099,0.48
./Datasets/HRIQ/512x384/649.jpg,0.5576409101486206,0.4
./Datasets/HRIQ/512x384/650.jpg,0.7211354374885559,0.63
./Datasets/HRIQ/512x384/651.jpg,0.31846311688423157,0.03999999999999998
./Datasets/HRIQ/512x384/652.jpg,0.5128296613693237,0.14
./Datasets/HRIQ/512x384/653.jpg,0.6399624943733215,0.21000000000000002
./Datasets/HRIQ/512x384/654.jpg,0.6517713665962219,0.75
./Datasets/HRIQ/512x384/655.jpg,0.34405407309532166,0.10999999999999999
./Datasets/HRIQ/512x384/656.jpg,0.5604375004768372,0.33999999999999997
./Datasets/HRIQ/512x384/657.jpg,0.3541252911090851,0.03999999999999998
./Datasets/HRIQ/512x384/658.jpg,0.5102741718292236,0.22999999999999998
./Datasets/HRIQ/512x384/659.jpg,0.5590257048606873,0.25
./Datasets/HRIQ/512x384/660.jpg,0.6486528515815735,0.52
./Datasets/HRIQ/512x384/661.jpg,0.5433072447776794,0.15000000000000002
./Datasets/HRIQ/512x384/662.jpg,0.4161030054092407,0.44999999999999996
./Datasets/HRIQ/512x384/663.jpg,0.7178531289100647,0.9299999999999999
./Datasets/HRIQ/512x384/664.jpg,0.6937596797943115,0.58
./Datasets/HRIQ/512x384/665.jpg,0.6503075361251831,0.56
./Datasets/HRIQ/512x384/666.jpg,0.46553120017051697,0.51
./Datasets/HRIQ/512x384/667.jpg,0.6224796772003174,0.6
./Datasets/HRIQ/512x384/668.jpg,0.6572602987289429,0.42000000000000004
./Datasets/HRIQ/512x384/669.jpg,0.5208028554916382,0.030000000000000027
./Datasets/HRIQ/512x384/670.jpg,0.5739216804504395,0.28
./Datasets/HRIQ/512x384/671.jpg,0.5266531109809875,0.38
./Datasets/HRIQ/512x384/672.jpg,0.6501146554946899,0.5
./Datasets/HRIQ/512x384/673.jpg,0.562390923500061,0.43000000000000005
./Datasets/HRIQ/512x384/674.jpg,0.6126583814620972,0.55208333325
./Datasets/HRIQ/512x384/675.jpg,0.6020109057426453,0.31000000000000005
./Datasets/HRIQ/512x384/676.jpg,0.4036021828651428,0.13
./Datasets/HRIQ/512x384/677.jpg,0.5502152442932129,0.13
./Datasets/HRIQ/512x384/678.jpg,0.5633019208908081,0.15000000000000002
./Datasets/HRIQ/512x384/679.jpg,0.5391711592674255,0.39
./Datasets/HRIQ/512x384/680.jpg,0.7236404418945312,0.76
./Datasets/HRIQ/512x384/681.jpg,0.6189155578613281,0.47916666674999997
./Datasets/HRIQ/512x384/682.jpg,0.6289635896682739,0.52
./Datasets/HRIQ/512x384/683.jpg,0.5963042378425598,0.44999999999999996
./Datasets/HRIQ/512x384/684.jpg,0.5218353867530823,0.39
./Datasets/HRIQ/512x384/685.jpg,0.6591476202011108,0.63
./Datasets/HRIQ/512x384/686.jpg,0.28259938955307007,0.052083333249999975
./Datasets/HRIQ/512x384/687.jpg,0.6720224618911743,0.8999999999999999
./Datasets/HRIQ/512x384/688.jpg,0.6168268918991089,0.47
./Datasets/HRIQ/512x384/689.jpg,0.5712670087814331,0.5
./Datasets/HRIQ/512x384/690.jpg,0.5019822120666504,0.19
./Datasets/HRIQ/512x384/691.jpg,0.47939613461494446,0.45999999999999996
./Datasets/HRIQ/512x384/692.jpg,0.6779701113700867,0.63
./Datasets/HRIQ/512x384/693.jpg,0.6580802202224731,0.72
./Datasets/HRIQ/512x384/694.jpg,0.6618890166282654,0.66
./Datasets/HRIQ/512x384/695.jpg,0.6335317492485046,0.4
./Datasets/HRIQ/512x384/696.jpg,0.6644859910011292,0.57
./Datasets/HRIQ/512x384/697.jpg,0.6887282133102417,0.67
./Datasets/HRIQ/512x384/698.jpg,0.35260307788848877,0.36
./Datasets/HRIQ/512x384/699.jpg,0.6297551393508911,0.66
./Datasets/HRIQ/512x384/700.jpg,0.35082942247390747,0.07
./Datasets/HRIQ/512x384/701.jpg,0.5823118090629578,0.18
./Datasets/HRIQ/512x384/702.jpg,0.5272489786148071,0.65
./Datasets/HRIQ/512x384/703.jpg,0.6675927042961121,0.67
./Datasets/HRIQ/512x384/704.jpg,0.6633458733558655,0.72
./Datasets/HRIQ/512x384/705.jpg,0.5881866812705994,0.63
./Datasets/HRIQ/512x384/706.jpg,0.5763579607009888,0.66666666675
./Datasets/HRIQ/512x384/707.jpg,0.6523702144622803,0.76
./Datasets/HRIQ/512x384/708.jpg,0.6817308664321899,0.69
./Datasets/HRIQ/512x384/709.jpg,0.3262570798397064,0.09000000000000002
./Datasets/HRIQ/512x384/710.jpg,0.5404009222984314,0.48
./Datasets/HRIQ/512x384/711.jpg,0.5733237862586975,0.30208333325000003
./Datasets/HRIQ/512x384/712.jpg,0.6622474789619446,0.63
./Datasets/HRIQ/512x384/713.jpg,0.6247918605804443,0.67708333325
./Datasets/HRIQ/512x384/714.jpg,0.558479905128479,0.13
./Datasets/HRIQ/512x384/715.jpg,0.6140831112861633,0.53
./Datasets/HRIQ/512x384/716.jpg,0.6744024753570557,0.72
./Datasets/HRIQ/512x384/717.jpg,0.4791795313358307,0.13
./Datasets/HRIQ/512x384/718.jpg,0.6656637191772461,0.53
./Datasets/HRIQ/512x384/719.jpg,0.4867766201496124,0.03999999999999998
./Datasets/HRIQ/512x384/720.jpg,0.6236636638641357,0.57
./Datasets/HRIQ/512x384/721.jpg,0.5362349152565002,0.4
./Datasets/HRIQ/512x384/722.jpg,0.6098698377609253,0.51
./Datasets/HRIQ/512x384/723.jpg,0.5842196941375732,0.33999999999999997
./Datasets/HRIQ/512x384/724.jpg,0.5894012451171875,0.39
./Datasets/HRIQ/512x384/725.jpg,0.6466283798217773,0.48
./Datasets/HRIQ/512x384/726.jpg,0.6139202117919922,0.1875
./Datasets/HRIQ/512x384/727.jpg,0.6733195781707764,0.6
./Datasets/HRIQ/512x384/728.jpg,0.6840392351150513,0.7
./Datasets/HRIQ/512x384/729.jpg,0.6660817265510559,0.8645833332499999
./Datasets/HRIQ/512x384/730.jpg,0.675549328327179,0.75
./Datasets/HRIQ/512x384/731.jpg,0.6675592660903931,0.65
./Datasets/HRIQ/512x384/732.jpg,0.6997304558753967,0.67
./Datasets/HRIQ/512x384/733.jpg,0.688754141330719,0.75
./Datasets/HRIQ/512x384/734.jpg,0.682388424873352,0.75
./Datasets/HRIQ/512x384/735.jpg,0.6454408764839172,0.67708333325
./Datasets/HRIQ/512x384/736.jpg,0.6897604465484619,0.8200000000000001
./Datasets/HRIQ/512x384/737.jpg,0.6706759929656982,0.76
./Datasets/HRIQ/512x384/738.jpg,0.6687644720077515,0.65
./Datasets/HRIQ/512x384/739.jpg,0.6116211414337158,0.8125
./Datasets/HRIQ/512x384/740.jpg,0.622393012046814,0.59
./Datasets/HRIQ/512x384/741.jpg,0.6892424821853638,0.72
./Datasets/HRIQ/512x384/742.jpg,0.4232841432094574,0.43999999999999995
./Datasets/HRIQ/512x384/743.jpg,0.6700057983398438,0.72
./Datasets/HRIQ/512x384/744.jpg,0.5869302749633789,0.63541666675
./Datasets/HRIQ/512x384/745.jpg,0.601777195930481,0.6875
./Datasets/HRIQ/512x384/746.jpg,0.6295368671417236,0.7604166667500001
./Datasets/HRIQ/512x384/747.jpg,0.6674308776855469,0.65
./Datasets/HRIQ/512x384/748.jpg,0.6771883368492126,0.69
./Datasets/HRIQ/512x384/749.jpg,0.7327203750610352,0.7708333332499999
./Datasets/HRIQ/512x384/750.jpg,0.694585382938385,0.76
./Datasets/HRIQ/512x384/751.jpg,0.5935498476028442,0.21999999999999997
./Datasets/HRIQ/512x384/752.jpg,0.6974619030952454,0.54
./Datasets/HRIQ/512x384/753.jpg,0.676382303237915,0.7
./Datasets/HRIQ/512x384/754.jpg,0.6009782552719116,0.73
./Datasets/HRIQ/512x384/755.jpg,0.6976392865180969,0.73
./Datasets/HRIQ/512x384/756.jpg,0.6641356945037842,0.53
./Datasets/HRIQ/512x384/757.jpg,0.6383326649665833,0.75
./Datasets/HRIQ/512x384/758.jpg,0.6651286482810974,0.43000000000000005
./Datasets/HRIQ/512x384/759.jpg,0.5851852893829346,0.31000000000000005
./Datasets/HRIQ/512x384/760.jpg,0.5908076763153076,0.49
./Datasets/HRIQ/512x384/761.jpg,0.6255725622177124,0.47
./Datasets/HRIQ/512x384/762.jpg,0.5826737880706787,0.55
./Datasets/HRIQ/512x384/763.jpg,0.5515300035476685,0.52083333325
./Datasets/HRIQ/512x384/764.jpg,0.5740097761154175,0.39
./Datasets/HRIQ/512x384/765.jpg,0.7005612850189209,0.52
./Datasets/HRIQ/512x384/766.jpg,0.6196449398994446,0.56
./Datasets/HRIQ/512x384/767.jpg,0.6757724285125732,0.68
./Datasets/HRIQ/512x384/768.jpg,0.5752583146095276,0.5
./Datasets/HRIQ/512x384/769.jpg,0.6554111242294312,0.43000000000000005
./Datasets/HRIQ/512x384/770.jpg,0.6439813375473022,0.57
./Datasets/HRIQ/512x384/771.jpg,0.411746621131897,0.24
./Datasets/HRIQ/512x384/772.jpg,0.5628950595855713,0.43000000000000005
./Datasets/HRIQ/512x384/773.jpg,0.6226778030395508,0.73
./Datasets/HRIQ/512x384/774.jpg,0.42987173795700073,0.4375
./Datasets/HRIQ/512x384/775.jpg,0.4174642264842987,0.47
./Datasets/HRIQ/512x384/776.jpg,0.5315909385681152,0.49
./Datasets/HRIQ/512x384/777.jpg,0.5952960252761841,0.7
./Datasets/HRIQ/512x384/778.jpg,0.6876394748687744,0.8
./Datasets/HRIQ/512x384/779.jpg,0.5916646122932434,0.21000000000000002
./Datasets/HRIQ/512x384/780.jpg,0.6470025181770325,0.69
./Datasets/HRIQ/512x384/781.jpg,0.6423216462135315,0.64
./Datasets/HRIQ/512x384/782.jpg,0.6365292072296143,0.25
./Datasets/HRIQ/512x384/783.jpg,0.6305052638053894,0.67
./Datasets/HRIQ/512x384/784.jpg,0.48364266753196716,0.31000000000000005
./Datasets/HRIQ/512x384/785.jpg,0.4383736550807953,0.26041666674999997
./Datasets/HRIQ/512x384/786.jpg,0.3593142628669739,0.09999999999999998
./Datasets/HRIQ/512x384/787.jpg,0.5715773701667786,0.73958333325
./Datasets/HRIQ/512x384/788.jpg,0.6625958681106567,0.53
./Datasets/HRIQ/512x384/789.jpg,0.6296440362930298,0.43999999999999995
./Datasets/HRIQ/512x384/790.jpg,0.5981479287147522,0.77
./Datasets/HRIQ/512x384/791.jpg,0.5994534492492676,0.48
./Datasets/HRIQ/512x384/792.jpg,0.32198265194892883,0.09000000000000002
./Datasets/HRIQ/512x384/793.jpg,0.46525824069976807,0.21999999999999997
./Datasets/HRIQ/512x384/794.jpg,0.5101836919784546,0.15625
./Datasets/HRIQ/512x384/795.jpg,0.4012698829174042,0.16999999999999998
./Datasets/HRIQ/512x384/796.jpg,0.370404988527298,0.10999999999999999
./Datasets/HRIQ/512x384/797.jpg,0.4762561321258545,0.19
./Datasets/HRIQ/512x384/798.jpg,0.5992895364761353,0.42708333325000003
./Datasets/HRIQ/512x384/799.jpg,0.6546276211738586,0.71875
./Datasets/HRIQ/512x384/800.jpg,0.6987259387969971,0.625
./Datasets/HRIQ/512x384/801.jpg,0.643978476524353,0.76
./Datasets/HRIQ/512x384/802.jpg,0.5569555759429932,0.28
./Datasets/HRIQ/512x384/803.jpg,0.5304911136627197,0.33999999999999997
./Datasets/HRIQ/512x384/804.jpg,0.4960878789424896,0.19
./Datasets/HRIQ/512x384/805.jpg,0.5745893716812134,0.55
./Datasets/HRIQ/512x384/806.jpg,0.6007097363471985,0.58
./Datasets/HRIQ/512x384/807.jpg,0.5397804975509644,0.30000000000000004
./Datasets/HRIQ/512x384/808.jpg,0.6903583407402039,0.51041666675
./Datasets/HRIQ/512x384/809.jpg,0.5670287013053894,0.18
./Datasets/HRIQ/512x384/810.jpg,0.5811788439750671,0.45999999999999996
./Datasets/HRIQ/512x384/811.jpg,0.6528723239898682,0.33999999999999997
./Datasets/HRIQ/512x384/812.jpg,0.6743219494819641,0.7
./Datasets/HRIQ/512x384/813.jpg,0.6475738883018494,0.7
./Datasets/HRIQ/512x384/814.jpg,0.6097024083137512,0.31000000000000005
./Datasets/HRIQ/512x384/815.jpg,0.4846498370170593,0.33999999999999997
./Datasets/HRIQ/512x384/816.jpg,0.6628135442733765,0.24
./Datasets/HRIQ/512x384/817.jpg,0.5082934498786926,0.55
./Datasets/HRIQ/512x384/818.jpg,0.707793116569519,0.69
./Datasets/HRIQ/512x384/819.jpg,0.558485209941864,0.38
./Datasets/HRIQ/512x384/820.jpg,0.5779757499694824,0.42000000000000004
./Datasets/HRIQ/512x384/821.jpg,0.6283793449401855,0.5
./Datasets/HRIQ/512x384/822.jpg,0.6651986241340637,0.64
./Datasets/HRIQ/512x384/823.jpg,0.6881913542747498,0.78
./Datasets/HRIQ/512x384/824.jpg,0.6100788712501526,0.72
./Datasets/HRIQ/512x384/825.jpg,0.630369246006012,0.78
./Datasets/HRIQ/512x384/826.jpg,0.6044983267784119,0.61
./Datasets/HRIQ/512x384/827.jpg,0.5592398047447205,0.40625
./Datasets/HRIQ/512x384/828.jpg,0.5868749022483826,0.59
./Datasets/HRIQ/512x384/829.jpg,0.7598484754562378,0.81
./Datasets/HRIQ/512x384/830.jpg,0.6547799706459045,0.5
./Datasets/HRIQ/512x384/831.jpg,0.5320850014686584,0.28
./Datasets/HRIQ/512x384/832.jpg,0.6332524418830872,0.43999999999999995
./Datasets/HRIQ/512x384/833.jpg,0.5341581702232361,0.47
./Datasets/HRIQ/512x384/834.jpg,0.3865050673484802,0.14
./Datasets/HRIQ/512x384/835.jpg,0.5467917323112488,0.27
./Datasets/HRIQ/512x384/836.jpg,0.6284430623054504,0.60416666675
./Datasets/HRIQ/512x384/837.jpg,0.6151896715164185,0.54
./Datasets/HRIQ/512x384/838.jpg,0.6510228514671326,0.41000000000000003
./Datasets/HRIQ/512x384/839.jpg,0.4808523654937744,0.06
./Datasets/HRIQ/512x384/840.jpg,0.6824684739112854,0.8400000000000001
./Datasets/HRIQ/512x384/841.jpg,0.6001880168914795,0.79
./Datasets/HRIQ/512x384/842.jpg,0.6112406253814697,0.29000000000000004
./Datasets/HRIQ/512x384/843.jpg,0.568899393081665,0.38541666674999997
./Datasets/HRIQ/512x384/844.jpg,0.685663640499115,0.61
./Datasets/HRIQ/512x384/845.jpg,0.7107009291648865,0.8500000000000001
./Datasets/HRIQ/512x384/846.jpg,0.6082068085670471,0.74
./Datasets/HRIQ/512x384/847.jpg,0.6397191882133484,0.73
./Datasets/HRIQ/512x384/848.jpg,0.4147508442401886,0.09999999999999998
./Datasets/HRIQ/512x384/849.jpg,0.5408010482788086,0.041666666750000025
./Datasets/HRIQ/512x384/850.jpg,0.5689939856529236,0.18
./Datasets/HRIQ/512x384/851.jpg,0.498247355222702,0.31000000000000005
./Datasets/HRIQ/512x384/852.jpg,0.38443905115127563,0.07
./Datasets/HRIQ/512x384/853.jpg,0.32499784231185913,0.0625
./Datasets/HRIQ/512x384/854.jpg,0.37243494391441345,0.09999999999999998
./Datasets/HRIQ/512x384/855.jpg,0.3938150405883789,0.15000000000000002
./Datasets/HRIQ/512x384/856.jpg,0.6387367844581604,0.5
./Datasets/HRIQ/512x384/857.jpg,0.520387589931488,0.31000000000000005
./Datasets/HRIQ/512x384/858.jpg,0.5491101741790771,0.3125
./Datasets/HRIQ/512x384/859.jpg,0.5315982699394226,0.31000000000000005
./Datasets/HRIQ/512x384/860.jpg,0.5932672023773193,0.20833333324999997
./Datasets/HRIQ/512x384/861.jpg,0.6076550483703613,0.36
./Datasets/HRIQ/512x384/862.jpg,0.6834993362426758,0.77
./Datasets/HRIQ/512x384/863.jpg,0.4921140670776367,0.39
./Datasets/HRIQ/512x384/864.jpg,0.5275481343269348,0.19791666675000003
./Datasets/HRIQ/512x384/865.jpg,0.493045449256897,0.09000000000000002
./Datasets/HRIQ/512x384/866.jpg,0.5372172594070435,0.38
./Datasets/HRIQ/512x384/867.jpg,0.6498672962188721,0.43000000000000005
./Datasets/HRIQ/512x384/868.jpg,0.5869817733764648,0.39
./Datasets/HRIQ/512x384/869.jpg,0.48793479800224304,0.25
./Datasets/HRIQ/512x384/870.jpg,0.6386945843696594,0.65
./Datasets/HRIQ/512x384/871.jpg,0.68154376745224,0.60416666675
./Datasets/HRIQ/512x384/872.jpg,0.7241261005401611,0.8600000000000001
./Datasets/HRIQ/512x384/873.jpg,0.6360935568809509,0.67
./Datasets/HRIQ/512x384/874.jpg,0.6311660408973694,0.47916666674999997
./Datasets/HRIQ/512x384/875.jpg,0.6001904010772705,0.7
./Datasets/HRIQ/512x384/876.jpg,0.6115337014198303,0.65
./Datasets/HRIQ/512x384/877.jpg,0.6576839089393616,0.77
./Datasets/HRIQ/512x384/878.jpg,0.6389346718788147,0.75
./Datasets/HRIQ/512x384/879.jpg,0.6329931616783142,0.74
./Datasets/HRIQ/512x384/880.jpg,0.6488357782363892,0.76
./Datasets/HRIQ/512x384/881.jpg,0.34616345167160034,0.6
./Datasets/HRIQ/512x384/882.jpg,0.5740799903869629,0.67
./Datasets/HRIQ/512x384/883.jpg,0.623663604259491,0.37
./Datasets/HRIQ/512x384/884.jpg,0.6293465495109558,0.52083333325
./Datasets/HRIQ/512x384/885.jpg,0.5951252579689026,0.52
./Datasets/HRIQ/512x384/886.jpg,0.5327741503715515,0.58
./Datasets/HRIQ/512x384/887.jpg,0.6399452686309814,0.52083333325
./Datasets/HRIQ/512x384/888.jpg,0.6478418707847595,0.75
./Datasets/HRIQ/512x384/889.jpg,0.6211711764335632,0.68
./Datasets/HRIQ/512x384/890.jpg,0.4254547655582428,0.47
./Datasets/HRIQ/512x384/891.jpg,0.5710751414299011,0.625
./Datasets/HRIQ/512x384/892.jpg,0.6795764565467834,0.8854166667500001
./Datasets/HRIQ/512x384/893.jpg,0.6263530254364014,0.21999999999999997
./Datasets/HRIQ/512x384/894.jpg,0.5120389461517334,0.25
./Datasets/HRIQ/512x384/895.jpg,0.6800706386566162,0.77
./Datasets/HRIQ/512x384/896.jpg,0.5938816666603088,0.67
./Datasets/HRIQ/512x384/897.jpg,0.25013089179992676,0.15000000000000002
./Datasets/HRIQ/512x384/898.jpg,0.5521770119667053,0.59375
./Datasets/HRIQ/512x384/899.jpg,0.6436395645141602,0.64
./Datasets/HRIQ/512x384/900.jpg,0.6850358843803406,0.8600000000000001
./Datasets/HRIQ/512x384/901.jpg,0.5492211580276489,0.09999999999999998
./Datasets/HRIQ/512x384/902.jpg,0.6347640156745911,0.57291666675
./Datasets/HRIQ/512x384/903.jpg,0.6523638367652893,0.6
./Datasets/HRIQ/512x384/904.jpg,0.6378747820854187,0.8
./Datasets/HRIQ/512x384/905.jpg,0.6143670082092285,0.8400000000000001
./Datasets/HRIQ/512x384/906.jpg,0.6484923362731934,0.9099999999999999
./Datasets/HRIQ/512x384/907.jpg,0.6685646772384644,0.8500000000000001
./Datasets/HRIQ/512x384/908.jpg,0.5091621279716492,0.4
./Datasets/HRIQ/512x384/909.jpg,0.456237256526947,0.62
./Datasets/HRIQ/512x384/910.jpg,0.5632578134536743,0.31999999999999995
./Datasets/HRIQ/512x384/911.jpg,0.6410640478134155,0.73
./Datasets/HRIQ/512x384/912.jpg,0.6302509307861328,0.71
./Datasets/HRIQ/512x384/913.jpg,0.6347335577011108,0.78
./Datasets/HRIQ/512x384/914.jpg,0.4930061399936676,0.2
./Datasets/HRIQ/512x384/915.jpg,0.5224218964576721,0.42708333325000003
./Datasets/HRIQ/512x384/916.jpg,0.6732710003852844,0.78125
./Datasets/HRIQ/512x384/917.jpg,0.6414409279823303,0.68
./Datasets/HRIQ/512x384/918.jpg,0.5542095303535461,0.48
./Datasets/HRIQ/512x384/919.jpg,0.689166247844696,0.9099999999999999
./Datasets/HRIQ/512x384/920.jpg,0.6858487725257874,0.73
./Datasets/HRIQ/512x384/921.jpg,0.48757028579711914,0.41000000000000003
./Datasets/HRIQ/512x384/922.jpg,0.6035189628601074,0.51
./Datasets/HRIQ/512x384/923.jpg,0.6266524791717529,0.41000000000000003
./Datasets/HRIQ/512x384/924.jpg,0.5777127146720886,0.66
./Datasets/HRIQ/512x384/925.jpg,0.6996920704841614,0.79
./Datasets/HRIQ/512x384/926.jpg,0.7034379839897156,0.84375
./Datasets/HRIQ/512x384/927.jpg,0.6872560977935791,0.5
./Datasets/HRIQ/512x384/928.jpg,0.6885833740234375,0.77
./Datasets/HRIQ/512x384/929.jpg,0.6102718710899353,0.42000000000000004
./Datasets/HRIQ/512x384/930.jpg,0.6859672665596008,0.8700000000000001
./Datasets/HRIQ/512x384/931.jpg,0.33701786398887634,0.25
./Datasets/HRIQ/512x384/932.jpg,0.5924010276794434,0.43000000000000005
./Datasets/HRIQ/512x384/933.jpg,0.5953370928764343,0.58
./Datasets/HRIQ/512x384/934.jpg,0.5873629450798035,0.32999999999999996
./Datasets/HRIQ/512x384/935.jpg,0.44149091839790344,0.08333333324999997
./Datasets/HRIQ/512x384/936.jpg,0.4969343841075897,0.19
./Datasets/HRIQ/512x384/937.jpg,0.31202003359794617,0.010416666750000025
./Datasets/HRIQ/512x384/938.jpg,0.37449681758880615,0.19
./Datasets/HRIQ/512x384/939.jpg,0.5887289643287659,0.29000000000000004
./Datasets/HRIQ/512x384/940.jpg,0.6691970229148865,0.62
./Datasets/HRIQ/512x384/941.jpg,0.681147038936615,0.52
./Datasets/HRIQ/512x384/942.jpg,0.40655621886253357,0.25
./Datasets/HRIQ/512x384/943.jpg,0.5609931349754333,0.33999999999999997
./Datasets/HRIQ/512x384/944.jpg,0.33355849981307983,0.07
./Datasets/HRIQ/512x384/945.jpg,0.5317184925079346,0.10999999999999999
./Datasets/HRIQ/512x384/946.jpg,0.5221763253211975,0.29000000000000004
./Datasets/HRIQ/512x384/947.jpg,0.5034658908843994,0.28
./Datasets/HRIQ/512x384/948.jpg,0.6533994674682617,0.68
./Datasets/HRIQ/512x384/949.jpg,0.5788852572441101,0.43000000000000005
./Datasets/HRIQ/512x384/950.jpg,0.6602975726127625,0.43999999999999995
./Datasets/HRIQ/512x384/951.jpg,0.5065771341323853,0.30000000000000004
./Datasets/HRIQ/512x384/952.jpg,0.622022271156311,0.30208333325000003
./Datasets/HRIQ/512x384/953.jpg,0.6533696055412292,0.64
./Datasets/HRIQ/512x384/954.jpg,0.5213858485221863,0.22999999999999998
./Datasets/HRIQ/512x384/955.jpg,0.5853205919265747,0.21999999999999997
./Datasets/HRIQ/512x384/956.jpg,0.6482557058334351,0.35
./Datasets/HRIQ/512x384/957.jpg,0.340073823928833,0.16999999999999998
./Datasets/HRIQ/512x384/958.jpg,0.31794795393943787,0.03999999999999998
./Datasets/HRIQ/512x384/959.jpg,0.561263918876648,0.43000000000000005
./Datasets/HRIQ/512x384/960.jpg,0.7107299566268921,0.64
./Datasets/HRIQ/512x384/961.jpg,0.6328085660934448,0.45999999999999996
./Datasets/HRIQ/512x384/962.jpg,0.685188353061676,0.67
./Datasets/HRIQ/512x384/963.jpg,0.42647916078567505,0.38
./Datasets/HRIQ/512x384/964.jpg,0.6393582820892334,0.62
./Datasets/HRIQ/512x384/965.jpg,0.5283687710762024,0.49
./Datasets/HRIQ/512x384/966.jpg,0.643936276435852,0.52
./Datasets/HRIQ/512x384/967.jpg,0.6716020703315735,0.76
./Datasets/HRIQ/512x384/968.jpg,0.6836854815483093,0.67
./Datasets/HRIQ/512x384/969.jpg,0.6202211976051331,0.66
./Datasets/HRIQ/512x384/970.jpg,0.7029168009757996,0.73
./Datasets/HRIQ/512x384/971.jpg,0.7014408111572266,0.8999999999999999
./Datasets/HRIQ/512x384/972.jpg,0.6510077118873596,0.10999999999999999
./Datasets/HRIQ/512x384/973.jpg,0.5093008279800415,0.43000000000000005
./Datasets/HRIQ/512x384/974.jpg,0.6148688793182373,0.48
./Datasets/HRIQ/512x384/975.jpg,0.28513121604919434,0.08000000000000002
./Datasets/HRIQ/512x384/976.jpg,0.30058810114860535,0.0
./Datasets/HRIQ/512x384/977.jpg,0.5329828858375549,0.16999999999999998
./Datasets/HRIQ/512x384/978.jpg,0.49556633830070496,0.21000000000000002
./Datasets/HRIQ/512x384/979.jpg,0.6470077037811279,0.78
./Datasets/HRIQ/512x384/980.jpg,0.6757924556732178,0.8700000000000001
./Datasets/HRIQ/512x384/981.jpg,0.502838134765625,0.21000000000000002
./Datasets/HRIQ/512x384/982.jpg,0.6256068348884583,0.74
./Datasets/HRIQ/512x384/983.jpg,0.6490417718887329,0.65
./Datasets/HRIQ/512x384/984.jpg,0.6501216292381287,0.73
./Datasets/HRIQ/512x384/985.jpg,0.605807363986969,0.55
./Datasets/HRIQ/512x384/986.jpg,0.5978313684463501,0.54
./Datasets/HRIQ/512x384/987.jpg,0.24838660657405853,0.08000000000000002
./Datasets/HRIQ/512x384/988.jpg,0.22465543448925018,0.010000000000000009
./Datasets/HRIQ/512x384/989.jpg,0.529153048992157,0.18
./Datasets/HRIQ/512x384/990.jpg,0.4039909839630127,0.0
./Datasets/HRIQ/512x384/991.jpg,0.5894501805305481,0.19
./Datasets/HRIQ/512x384/992.jpg,0.5420281291007996,0.09000000000000002
./Datasets/HRIQ/512x384/993.jpg,0.2663862407207489,0.020000000000000018
./Datasets/HRIQ/512x384/994.jpg,0.3494708240032196,0.10416666675000003
./Datasets/HRIQ/512x384/995.jpg,0.5708827972412109,0.36
./Datasets/HRIQ/512x384/996.jpg,0.42035189270973206,0.04999999999999999
./Datasets/HRIQ/512x384/997.jpg,0.5486289262771606,0.30000000000000004
./Datasets/HRIQ/512x384/998.jpg,0.6297159194946289,0.58
./Datasets/HRIQ/512x384/999.jpg,0.4484784007072449,0.13
./Datasets/HRIQ/512x384/1000.jpg,0.3408810794353485,0.07
./Datasets/HRIQ/512x384/1001.jpg,0.38895297050476074,0.06
./Datasets/HRIQ/512x384/1002.jpg,0.45825305581092834,0.125
./Datasets/HRIQ/512x384/1003.jpg,0.41650816798210144,0.21000000000000002
./Datasets/HRIQ/512x384/1004.jpg,0.3411555886268616,0.15999999999999998
./Datasets/HRIQ/512x384/1005.jpg,0.5802021026611328,0.56
./Datasets/HRIQ/512x384/1006.jpg,0.5832552313804626,0.25
./Datasets/HRIQ/512x384/1007.jpg,0.5268535614013672,0.47
./Datasets/HRIQ/512x384/1008.jpg,0.5438612103462219,0.24
./Datasets/HRIQ/512x384/1009.jpg,0.538753092288971,0.16999999999999998
./Datasets/HRIQ/512x384/1010.jpg,0.6750994324684143,0.57
./Datasets/HRIQ/512x384/1011.jpg,0.6509135365486145,0.31000000000000005
./Datasets/HRIQ/512x384/1012.jpg,0.6525452733039856,0.66
./Datasets/HRIQ/512x384/1013.jpg,0.7075207233428955,0.54
./Datasets/HRIQ/512x384/1014.jpg,0.6997812390327454,0.61
./Datasets/HRIQ/512x384/1015.jpg,0.6787606477737427,0.73
./Datasets/HRIQ/512x384/1016.jpg,0.5087398886680603,0.14
./Datasets/HRIQ/512x384/1017.jpg,0.341447114944458,0.030000000000000027
./Datasets/HRIQ/512x384/1018.jpg,0.5299233794212341,0.32291666674999997
./Datasets/HRIQ/512x384/1019.jpg,0.6451228857040405,0.63
./Datasets/HRIQ/512x384/1020.jpg,0.6453531980514526,0.57
./Datasets/HRIQ/512x384/1021.jpg,0.27937406301498413,0.020000000000000018
./Datasets/HRIQ/512x384/1022.jpg,0.7087840437889099,0.33999999999999997
./Datasets/HRIQ/512x384/1023.jpg,0.6659799814224243,0.62
./Datasets/HRIQ/512x384/1024.jpg,0.5996395945549011,0.39583333325000003
./Datasets/HRIQ/512x384/1025.jpg,0.6230619549751282,0.39
./Datasets/HRIQ/512x384/1026.jpg,0.7018862962722778,0.49
./Datasets/HRIQ/512x384/1027.jpg,0.6362016797065735,0.74
./Datasets/HRIQ/512x384/1028.jpg,0.6109883785247803,0.54
./Datasets/HRIQ/512x384/1029.jpg,0.5928695201873779,0.58
./Datasets/HRIQ/512x384/1030.jpg,0.5851075053215027,0.48
./Datasets/HRIQ/512x384/1031.jpg,0.5821440815925598,0.57
./Datasets/HRIQ/512x384/1032.jpg,0.6029000878334045,0.54
./Datasets/HRIQ/512x384/1033.jpg,0.6339012980461121,0.71
./Datasets/HRIQ/512x384/1034.jpg,0.7090893387794495,0.76
./Datasets/HRIQ/512x384/1035.jpg,0.6475037336349487,0.66
./Datasets/HRIQ/512x384/1036.jpg,0.6445807218551636,0.77
./Datasets/HRIQ/512x384/1037.jpg,0.6591610312461853,0.8
./Datasets/HRIQ/512x384/1038.jpg,0.6571709513664246,0.8300000000000001
./Datasets/HRIQ/512x384/1039.jpg,0.6319783926010132,0.57
./Datasets/HRIQ/512x384/1040.jpg,0.5760712623596191,0.42000000000000004
./Datasets/HRIQ/512x384/1041.jpg,0.7031121253967285,0.8799999999999999
./Datasets/HRIQ/512x384/1042.jpg,0.6211339831352234,0.75
./Datasets/HRIQ/512x384/1043.jpg,0.6088087558746338,0.58
./Datasets/HRIQ/512x384/1044.jpg,0.6033183932304382,0.48958333325000003
./Datasets/HRIQ/512x384/1045.jpg,0.6899007558822632,0.79
./Datasets/HRIQ/512x384/1046.jpg,0.5629873871803284,0.31000000000000005
./Datasets/HRIQ/512x384/1047.jpg,0.6599096059799194,0.64
./Datasets/HRIQ/512x384/1048.jpg,0.5008454918861389,0.10999999999999999
./Datasets/HRIQ/512x384/1049.jpg,0.6039537191390991,0.64
./Datasets/HRIQ/512x384/1050.jpg,0.6757246851921082,0.8999999999999999
./Datasets/HRIQ/512x384/1051.jpg,0.5678778290748596,0.8645833332499999
./Datasets/HRIQ/512x384/1052.jpg,0.6246016621589661,0.68
./Datasets/HRIQ/512x384/1053.jpg,0.6583722829818726,0.79
./Datasets/HRIQ/512x384/1054.jpg,0.3255683481693268,0.08000000000000002
./Datasets/HRIQ/512x384/1055.jpg,0.5888646841049194,0.43999999999999995
./Datasets/HRIQ/512x384/1056.jpg,0.7184579968452454,0.8600000000000001
./Datasets/HRIQ/512x384/1057.jpg,0.710789680480957,0.8999999999999999
./Datasets/HRIQ/512x384/1058.jpg,0.6907725930213928,0.72
./Datasets/HRIQ/512x384/1059.jpg,0.5453349947929382,0.54166666675
./Datasets/HRIQ/512x384/1060.jpg,0.6755227446556091,0.62
./Datasets/HRIQ/512x384/1061.jpg,0.6634830832481384,0.9099999999999999
./Datasets/HRIQ/512x384/1062.jpg,0.6575862169265747,0.74
./Datasets/HRIQ/512x384/1063.jpg,0.6777337193489075,0.66
./Datasets/HRIQ/512x384/1064.jpg,0.6444143652915955,0.65
./Datasets/HRIQ/512x384/1065.jpg,0.4758273661136627,0.15000000000000002
./Datasets/HRIQ/512x384/1066.jpg,0.48751431703567505,0.26041666674999997
./Datasets/HRIQ/512x384/1067.jpg,0.6035540103912354,0.56
./Datasets/HRIQ/512x384/1068.jpg,0.3937676250934601,0.08000000000000002
./Datasets/HRIQ/512x384/1069.jpg,0.7510619163513184,0.8300000000000001
./Datasets/HRIQ/512x384/1070.jpg,0.31511709094047546,0.07
./Datasets/HRIQ/512x384/1071.jpg,0.48839426040649414,0.69791666675
./Datasets/HRIQ/512x384/1072.jpg,0.7450199723243713,0.8400000000000001
./Datasets/HRIQ/512x384/1073.jpg,0.6703584790229797,0.8
./Datasets/HRIQ/512x384/1074.jpg,0.6962927579879761,0.45999999999999996
./Datasets/HRIQ/512x384/1075.jpg,0.5965479016304016,0.18
./Datasets/HRIQ/512x384/1076.jpg,0.5289810299873352,0.19
./Datasets/HRIQ/512x384/1077.jpg,0.6769998073577881,0.42000000000000004
./Datasets/HRIQ/512x384/1078.jpg,0.605067253112793,0.72
./Datasets/HRIQ/512x384/1079.jpg,0.6406479477882385,0.52
./Datasets/HRIQ/512x384/1080.jpg,0.5738444328308105,0.33333333325000003
./Datasets/HRIQ/512x384/1081.jpg,0.39619454741477966,0.15000000000000002
./Datasets/HRIQ/512x384/1082.jpg,0.5637723803520203,0.22999999999999998
./Datasets/HRIQ/512x384/1083.jpg,0.5571118593215942,0.07
./Datasets/HRIQ/512x384/1084.jpg,0.5648924708366394,0.19
./Datasets/HRIQ/512x384/1085.jpg,0.7270575761795044,0.74
./Datasets/HRIQ/512x384/1086.jpg,0.6074736714363098,0.48
./Datasets/HRIQ/512x384/1087.jpg,0.4375038146972656,0.0
./Datasets/HRIQ/512x384/1088.jpg,0.5706748962402344,0.32999999999999996
./Datasets/HRIQ/512x384/1089.jpg,0.4072590470314026,0.15999999999999998
./Datasets/HRIQ/512x384/1090.jpg,0.6343351602554321,0.33999999999999997
./Datasets/HRIQ/512x384/1091.jpg,0.33423203229904175,0.10416666675000003
./Datasets/HRIQ/512x384/1092.jpg,0.6956673264503479,0.8333333332499999
./Datasets/HRIQ/512x384/1093.jpg,0.523913562297821,0.38
./Datasets/HRIQ/512x384/1094.jpg,0.4989589750766754,0.45999999999999996
./Datasets/HRIQ/512x384/1095.jpg,0.4537765681743622,0.020000000000000018
./Datasets/HRIQ/512x384/1096.jpg,0.6054242253303528,0.55
./Datasets/HRIQ/512x384/1097.jpg,0.6827067136764526,0.81
./Datasets/HRIQ/512x384/1098.jpg,0.6158018708229065,0.43000000000000005
./Datasets/HRIQ/512x384/1099.jpg,0.599619448184967,0.51
./Datasets/HRIQ/512x384/1100.jpg,0.7300527095794678,0.8400000000000001
./Datasets/HRIQ/512x384/1101.jpg,0.1221047192811966,0.020000000000000018
./Datasets/HRIQ/512x384/1102.jpg,0.5024845004081726,0.23958333324999997
./Datasets/HRIQ/512x384/1103.jpg,0.6171898245811462,0.25
./Datasets/HRIQ/512x384/1104.jpg,0.6249035000801086,0.77
./Datasets/HRIQ/512x384/1105.jpg,0.4864204227924347,0.18
./Datasets/HRIQ/512x384/1106.jpg,0.5950317978858948,0.43999999999999995
./Datasets/HRIQ/512x384/1107.jpg,0.6484031677246094,0.7
./Datasets/HRIQ/512x384/1108.jpg,0.7106857299804688,0.77
./Datasets/HRIQ/512x384/1109.jpg,0.6896736025810242,0.8200000000000001
./Datasets/HRIQ/512x384/1110.jpg,0.6820449829101562,0.74
./Datasets/HRIQ/512x384/1111.jpg,0.5990649461746216,0.75
./Datasets/HRIQ/512x384/1112.jpg,0.7049699425697327,0.74
./Datasets/HRIQ/512x384/1113.jpg,0.7333980202674866,0.6
./Datasets/HRIQ/512x384/1114.jpg,0.6340497136116028,0.72
./Datasets/HRIQ/512x384/1115.jpg,0.7268909811973572,0.77
./Datasets/HRIQ/512x384/1116.jpg,0.6761769652366638,0.8300000000000001
./Datasets/HRIQ/512x384/1117.jpg,0.31851625442504883,0.03999999999999998
./Datasets/HRIQ/512x384/1118.jpg,0.2571871280670166,0.0
./Datasets/HRIQ/512x384/1119.jpg,0.5066858530044556,0.4
./Datasets/HRIQ/512x384/1120.jpg,0.7239604592323303,0.8899999999999999
